{"71.112.98.195": 0.018691588785046728, "129.255.44.227": 0.018691588785046728, "226.139.21.71": 0.018691588785046728, "65.217.243.0": 0.037383177570093455, "238.160.228.233": 0.02803738317757009, "75.138.14.96": 0.018691588785046728, "231.188.123.75": 0.018691588785046728, "170.68.222.7": 0.018691588785046728, "206.205.186.74": 0.009345794392523364, "204.186.5.147": 0.018691588785046728, "5.61.107.132": 0.018691588785046728, "124.123.38.172": 0.018691588785046728, "241.142.110.154": 0.018691588785046728, "138.53.30.36": 0.018691588785046728, "155.165.216.116": 0.018691588785046728, "187.111.125.82": 0.018691588785046728, "160.149.246.75": 0.018691588785046728, "35.75.28.45": 0.018691588785046728, "185.21.98.239": 0.018691588785046728, "95.196.183.7": 0.02803738317757009, "45.56.129.43": 0.018691588785046728, "52.61.154.131": 0.018691588785046728, "51.2.73.173": 0.009345794392523364, "100.223.7.56": 0.02803738317757009, "105.250.211.62": 0.018691588785046728, "5.186.181.128": 0.018691588785046728, "46.201.210.214": 0.02803738317757009, "197.165.41.2": 0.018691588785046728, "16.217.246.53": 0.018691588785046728, "183.216.64.213": 0.05607476635514018, "132.25.36.77": 0.018691588785046728, "109.4.47.192": 0.02803738317757009, "197.92.62.147": 0.04672897196261682, "3.134.64.62": 0.018691588785046728, "28.108.255.112": 0.018691588785046728, "193.141.169.134": 0.018691588785046728, "243.26.19.13": 0.018691588785046728, "235.21.204.76": 0.018691588785046728, "174.147.181.80": 0.018691588785046728, "108.125.155.86": 0.018691588785046728, "93.175.159.116": 0.018691588785046728, "188.134.126.170": 0.018691588785046728, "217.178.20.157": 0.018691588785046728, "97.201.109.223": 0.009345794392523364, "117.27.142.204": 0.018691588785046728, "84.47.30.128": 0.018691588785046728, "244.0.192.82": 0.009345794392523364, "214.26.17.121": 0.018691588785046728, "134.110.151.69": 0.018691588785046728, "194.235.139.78": 0.018691588785046728, "88.41.179.85": 0.018691588785046728, "219.17.26.17": 0.018691588785046728, "200.58.133.104": 0.018691588785046728, "225.148.228.221": 0.018691588785046728, "142.152.89.7": 0.018691588785046728, "21.35.178.84": 0.02803738317757009, "142.160.185.87": 0.037383177570093455, "115.62.96.25": 0.018691588785046728, "53.85.77.154": 0.018691588785046728, "131.132.211.21": 0.018691588785046728, "248.197.99.153": 0.018691588785046728, "234.81.233.166": 0.02803738317757009, "7.15.17.55": 0.009345794392523364, "196.140.23.74": 0.018691588785046728, "88.122.33.250": 0.018691588785046728, "81.24.41.229": 0.018691588785046728, "101.222.146.4": 0.009345794392523364, "214.66.228.37": 0.018691588785046728, "232.156.222.57": 0.018691588785046728, "128.123.98.89": 0.018691588785046728, "216.95.36.49": 0.018691588785046728, "60.150.182.253": 0.018691588785046728, "219.3.8.28": 0.018691588785046728, "72.219.59.180": 0.018691588785046728, "107.150.70.75": 0.018691588785046728, "35.201.116.90": 0.018691588785046728, "182.42.237.43": 0.018691588785046728, "149.185.127.249": 0.018691588785046728, "83.161.39.96": 0.009345794392523364, "111.101.72.105": 0.018691588785046728, "68.144.15.163": 0.018691588785046728, "73.51.76.198": 0.018691588785046728, "64.166.128.245": 0.018691588785046728, "229.178.90.169": 0.018691588785046728, "84.244.236.112": 0.02803738317757009, "83.175.36.48": 0.018691588785046728, "228.166.243.81": 0.018691588785046728, "173.40.87.234": 0.018691588785046728, "108.138.40.50": 0.018691588785046728, "102.94.96.45": 0.018691588785046728, "132.1.182.135": 0.018691588785046728, "184.15.240.67": 0.018691588785046728, "57.98.206.158": 0.018691588785046728, "2.51.12.102": 0.018691588785046728, "212.148.245.212": 0.018691588785046728, "16.45.1.168": 0.018691588785046728, "83.214.27.117": 0.018691588785046728, "118.56.62.61": 0.018691588785046728, "74.93.216.55": 0.018691588785046728, "225.150.51.41": 0.018691588785046728, "244.47.115.189": 0.018691588785046728, "179.79.235.39": 0.018691588785046728, "79.41.75.125": 0.018691588785046728, "115.23.3.123": 0.009345794392523364, "204.208.166.74": 0.018691588785046728, "212.59.75.198": 0.018691588785046728, "53.248.131.252": 0.02803738317757009, "0.180.175.182": 0.018691588785046728}